{"cameraMode":{"drawMode":0,"name":"Shaded","section":"Shading Mode"},"sceneLighting":true,"audioPlay":false,"sceneViewState":{"showFog":true,"showMaterialUpdate":false,"showSkybox":true,"showFlares":true,"showImageEffects":true,"showParticleSystems":true},"in2DMode":false,"pivot":{"x":-64.27713775634766,"y":26.79941749572754,"z":34.075225830078128},"rotation":{"x":-0.3998715281486511,"y":-0.04314647242426872,"z":0.01880776323378086,"w":-0.9154791831970215},"size":301.8961486816406,"orthographic":false}