{"cameraMode":{"drawMode":0,"name":"Shaded","section":"Shading Mode"},"sceneLighting":true,"audioPlay":false,"sceneViewState":{"showFog":true,"showMaterialUpdate":false,"showSkybox":true,"showFlares":true,"showImageEffects":true,"showParticleSystems":true},"in2DMode":false,"pivot":{"x":-100.22822570800781,"y":108.34742736816406,"z":-53.587974548339847},"rotation":{"x":-0.24297340214252473,"y":-0.714309573173523,"z":0.2964039146900177,"w":-0.5856143832206726},"size":22.0,"orthographic":false}