{"cameraMode":{"drawMode":0,"name":"Shaded","section":"Shading Mode"},"sceneLighting":true,"audioPlay":false,"sceneViewState":{"showFog":true,"showMaterialUpdate":false,"showSkybox":true,"showFlares":true,"showImageEffects":true,"showParticleSystems":true},"in2DMode":false,"pivot":{"x":191.03973388671876,"y":166.9718017578125,"z":608.9024658203125},"rotation":{"x":-0.06039053946733475,"y":-0.9192583560943604,"z":0.1552201211452484,"w":-0.3570824861526489},"size":354.0390625,"orthographic":false}