{"cameraMode":{"drawMode":0,"name":"Shaded","section":"Shading Mode"},"sceneLighting":true,"audioPlay":false,"sceneViewState":{"showFog":true,"showMaterialUpdate":false,"showSkybox":true,"showFlares":true,"showImageEffects":true,"showParticleSystems":true},"in2DMode":false,"pivot":{"x":11.839526176452637,"y":129.3630828857422,"z":119.91512298583985},"rotation":{"x":-0.01184829231351614,"y":0.9693731665611267,"z":-0.2406250238418579,"w":-0.04773080721497536},"size":35.7027702331543,"orthographic":false}